"comune";"provincia";"anno";"totale";"attivazioni";"cessazioni";"subingressi"
"Acquafondata";"Frosinone";"2013";"0";"0";"0";"0"
"Acuto";"Frosinone";"2013";"1";"1";"0";"0"
"Alatri";"Frosinone";"2013";"9";"1";"2";"0"
"Alvito";"Frosinone";"2013";"1";"0";"0";"0"
"Amaseno";"Frosinone";"2013";"1";"0";"0";"0"
"Anagni";"Frosinone";"2013";"18";"4";"1";"0"
"Aquino";"Frosinone";"2013";"1";"1";"1";"0"
"Arce";"Frosinone";"2013";"7";"0";"0";"0"
"Arnara";"Frosinone";"2013";"0";"0";"0";"0"
"Arpino";"Frosinone";"2013";"3";"0";"0";"0"
"Atina";"Frosinone";"2013";"6";"0";"0";"0"
"Ausonia";"Frosinone";"2013";"2";"0";"0";"0"
"Belmonte Castello";"Frosinone";"2013";"0";"0";"0";"0"
"Boville Ernica";"Frosinone";"2013";"3";"0";"0";"0"
"Broccostella";"Frosinone";"2013";"2";"2";"0";"0"
"Campoli Appennino";"Frosinone";"2013";"1";"0";"1";"0"
"Casalattico";"Frosinone";"2013";"0";"0";"0";"0"
"Casalvieri";"Frosinone";"2013";"1";"0";"0";"0"
"Cassino";"Frosinone";"2013";"17";"2";"2";"0"
"Castelliri";"Frosinone";"2013";"0";"0";"0";"0"
"Castelnuovo Parano";"Frosinone";"2013";"0";"0";"0";"0"
"Castro dei Volsci";"Frosinone";"2013";"0";"0";"0";"0"
"Castrocielo";"Frosinone";"2013";"2";"0";"0";"0"
"Ceccano";"Frosinone";"2013";"5";"0";"0";"0"
"Ceprano";"Frosinone";"2013";"6";"0";"0";"0"
"Cervaro";"Frosinone";"2013";"4";"0";"0";"0"
"Colfelice";"Frosinone";"2013";"0";"0";"0";"0"
"Colle San Magno";"Frosinone";"2013";"0";"0";"0";"0"
"Collepardo";"Frosinone";"2013";"0";"0";"0";"0"
"Coreno Ausonio";"Frosinone";"2013";"0";"0";"0";"0"
"Esperia";"Frosinone";"2013";"1";"0";"0";"0"
"Falvaterra";"Frosinone";"2013";"0";"0";"0";"0"
"Ferentino";"Frosinone";"2013";"5";"1";"2";"0"
"Filettino";"Frosinone";"2013";"0";"0";"0";"0"
"Fiuggi";"Frosinone";"2013";"3";"0";"0";"0"
"Fontana Liri";"Frosinone";"2013";"0";"0";"0";"0"
"Fontechiari";"Frosinone";"2013";"0";"0";"0";"0"
"Frosinone";"Frosinone";"2013";"36";"8";"2";"0"
"Fumone";"Frosinone";"2013";"1";"1";"1";"0"
"Gallinaro";"Frosinone";"2013";"1";"0";"0";"0"
"Giuliano di Roma";"Frosinone";"2013";"1";"0";"1";"0"
"Guarcino";"Frosinone";"2013";"0";"0";"1";"0"
"Isola del Liri";"Frosinone";"2013";"11";"1";"1";"0"
"Monte San Giovanni Campano";"Frosinone";"2013";"10";"2";"0";"0"
"Morolo";"Frosinone";"2013";"1";"0";"0";"0"
"Paliano";"Frosinone";"2013";"2";"0";"0";"0"
"Pastena";"Frosinone";"2013";"1";"0";"0";"0"
"Patrica";"Frosinone";"2013";"6";"3";"0";"0"
"Pescosolido";"Frosinone";"2013";"0";"0";"0";"0"
"Picinisco";"Frosinone";"2013";"0";"0";"0";"0"
"Pico";"Frosinone";"2013";"1";"1";"0";"0"
"Piedimonte San Germano";"Frosinone";"2013";"3";"1";"0";"0"
"Piglio";"Frosinone";"2013";"3";"0";"0";"0"
"Pignataro Interamna";"Frosinone";"2013";"2";"0";"0";"0"
"Pofi";"Frosinone";"2013";"4";"0";"0";"0"
"Pontecorvo";"Frosinone";"2013";"5";"2";"2";"0"
"Posta Fibreno";"Frosinone";"2013";"0";"0";"0";"0"
"Ripi";"Frosinone";"2013";"1";"0";"0";"0"
"Rocca d'Arce";"Frosinone";"2013";"0";"0";"0";"0"
"Roccasecca";"Frosinone";"2013";"2";"0";"1";"0"
"San Biagio Saracinisco";"Frosinone";"2013";"0";"0";"0";"0"
"San Donato Val di Comino";"Frosinone";"2013";"1";"0";"0";"0"
"San Giorgio a Liri";"Frosinone";"2013";"1";"0";"0";"0"
"San Giovanni Incarico";"Frosinone";"2013";"5";"1";"0";"0"
"San Vittore del Lazio";"Frosinone";"2013";"3";"0";"0";"0"
"Sant'Ambrogio sul Garigliano";"Frosinone";"2013";"1";"0";"0";"0"
"Sant'Andrea del Garigliano";"Frosinone";"2013";"0";"0";"0";"0"
"Sant'Apollinare";"Frosinone";"2013";"1";"0";"0";"0"
"Sant'Elia Fiumerapido";"Frosinone";"2013";"1";"0";"0";"0"
"Santopadre";"Frosinone";"2013";"1";"0";"0";"0"
"Serrone";"Frosinone";"2013";"3";"0";"0";"0"
"Settefrati";"Frosinone";"2013";"0";"0";"0";"0"
"Sgurgola";"Frosinone";"2013";"0";"0";"0";"0"
"Sora";"Frosinone";"2013";"12";"2";"0";"0"
"Strangolagalli";"Frosinone";"2013";"2";"0";"1";"0"
"Supino";"Frosinone";"2013";"1";"0";"0";"0"
"Terelle";"Frosinone";"2013";"0";"0";"0";"0"
"Torre Cajetani";"Frosinone";"2013";"2";"0";"0";"0"
"Torrice";"Frosinone";"2013";"0";"0";"0";"0"
"Trevi nel Lazio";"Frosinone";"2013";"0";"0";"0";"0"
"Trivigliano";"Frosinone";"2013";"0";"0";"0";"0"
"Vallecorsa";"Frosinone";"2013";"0";"0";"0";"0"
"Vallemaio";"Frosinone";"2013";"0";"0";"0";"0"
"Vallerotonda";"Frosinone";"2013";"0";"0";"0";"0"
"Veroli";"Frosinone";"2013";"6";"1";"0";"0"
"Vicalvi";"Frosinone";"2013";"0";"0";"0";"0"
"Vico nel Lazio";"Frosinone";"2013";"0";"0";"0";"0"
"Villa Latina";"Frosinone";"2013";"0";"0";"0";"0"
"Villa Santa Lucia";"Frosinone";"2013";"2";"0";"0";"0"
"Villa Santo Stefano";"Frosinone";"2013";"0";"0";"0";"0"
"Viticuso";"Frosinone";"2013";"0";"0";"0";"0"
"Aprilia";"Latina";"2013";"20";"3";"0";"0"
"Bassiano";"Latina";"2013";"0";"0";"0";"0"
"Campodimele";"Latina";"2013";"1";"0";"0";"0"
"Castelforte";"Latina";"2013";"0";"0";"0";"0"
"Cisterna di Latina";"Latina";"2013";"8";"0";"0";"0"
"Cori";"Latina";"2013";"5";"1";"0";"0"
"Fondi";"Latina";"2013";"13";"1";"5";"0"
"Formia";"Latina";"2013";"13";"0";"0";"0"
"Gaeta";"Latina";"2013";"7";"0";"0";"0"
"Itri";"Latina";"2013";"2";"0";"0";"0"
"Latina";"Latina";"2013";"58";"5";"4";"0"
"Lenola";"Latina";"2013";"3";"1";"0";"0"
"Maenza";"Latina";"2013";"0";"0";"0";"0"
"Minturno";"Latina";"2013";"5";"0";"0";"0"
"Monte San Biagio";"Latina";"2013";"0";"0";"0";"0"
"Norma";"Latina";"2013";"0";"0";"0";"0"
"Pontinia";"Latina";"2013";"7";"1";"1";"0"
"Ponza";"Latina";"2013";"1";"0";"0";"0"
"Priverno";"Latina";"2013";"4";"2";"0";"0"
"Prossedi";"Latina";"2013";"2";"0";"0";"0"
"Rocca Massima";"Latina";"2013";"0";"0";"0";"0"
"Roccagorga";"Latina";"2013";"0";"0";"0";"0"
"Roccasecca dei Volsci";"Latina";"2013";"1";"0";"0";"0"
"Sabaudia";"Latina";"2013";"11";"0";"1";"0"
"San Felice Circeo";"Latina";"2013";"3";"0";"0";"0"
"Santi Cosma e Damiano";"Latina";"2013";"3";"0";"0";"0"
"Sermoneta";"Latina";"2013";"1";"0";"0";"0"
"Sezze";"Latina";"2013";"9";"1";"2";"0"
"Sonnino";"Latina";"2013";"4";"0";"0";"0"
"Sperlonga";"Latina";"2013";"3";"0";"0";"0"
"Spigno Saturnia";"Latina";"2013";"2";"0";"0";"0"
"Terracina";"Latina";"2013";"10";"3";"0";"0"
"Ventotene";"Latina";"2013";"1";"0";"0";"0"
"Accumoli";"Rieti";"2013";"1";"0";"0";"0"
"Amatrice";"Rieti";"2013";"0";"0";"1";"0"
"Antrodoco";"Rieti";"2013";"0";"0";"0";"0"
"Ascrea";"Rieti";"2013";"0";"0";"0";"0"
"Belmonte in Sabina";"Rieti";"2013";"0";"0";"0";"0"
"Borbona";"Rieti";"2013";"0";"0";"0";"0"
"Borgo Velino";"Rieti";"2013";"0";"0";"0";"0"
"Borgorose";"Rieti";"2013";"2";"0";"0";"0"
"Cantalice";"Rieti";"2013";"0";"0";"0";"0"
"Cantalupo in Sabina";"Rieti";"2013";"0";"0";"0";"0"
"Casaprota";"Rieti";"2013";"0";"0";"0";"0"
"Casperia";"Rieti";"2013";"0";"0";"0";"0"
"Castel di Tora";"Rieti";"2013";"0";"0";"0";"0"
"Castel Sant'Angelo";"Rieti";"2013";"0";"0";"0";"0"
"Castelnuovo di Farfa";"Rieti";"2013";"0";"0";"0";"0"
"Cittaducale";"Rieti";"2013";"3";"0";"0";"0"
"Cittareale";"Rieti";"2013";"1";"0";"0";"0"
"Collalto Sabino";"Rieti";"2013";"0";"0";"0";"0"
"Colle di Tora";"Rieti";"2013";"0";"0";"0";"0"
"Collegiove";"Rieti";"2013";"0";"0";"0";"0"
"Collevecchio";"Rieti";"2013";"2";"1";"0";"0"
"Colli sul Velino";"Rieti";"2013";"0";"0";"0";"0"
"Concerviano";"Rieti";"2013";"0";"0";"0";"0"
"Configni";"Rieti";"2013";"1";"0";"0";"0"
"Contigliano";"Rieti";"2013";"1";"0";"0";"0"
"Cottanello";"Rieti";"2013";"3";"0";"0";"0"
"Fara in Sabina";"Rieti";"2013";"4";"1";"0";"0"
"Fiamignano";"Rieti";"2013";"0";"0";"0";"0"
"Forano";"Rieti";"2013";"0";"0";"1";"0"
"Frasso Sabino";"Rieti";"2013";"0";"0";"0";"0"
"Greccio";"Rieti";"2013";"1";"0";"0";"0"
"Labro";"Rieti";"2013";"0";"0";"0";"0"
"Leonessa";"Rieti";"2013";"1";"0";"0";"0"
"Longone Sabino";"Rieti";"2013";"0";"0";"0";"0"
"Magliano Sabina";"Rieti";"2013";"1";"1";"0";"0"
"Marcetelli";"Rieti";"2013";"0";"0";"0";"0"
"Micigliano";"Rieti";"2013";"0";"0";"0";"0"
"Mompeo";"Rieti";"2013";"0";"0";"0";"0"
"Montasola";"Rieti";"2013";"0";"0";"0";"0"
"Monte San Giovanni in Sabina";"Rieti";"2013";"0";"0";"0";"0"
"Montebuono";"Rieti";"2013";"2";"0";"0";"0"
"Monteleone Sabino";"Rieti";"2013";"0";"0";"0";"0"
"Montenero Sabino";"Rieti";"2013";"0";"0";"0";"0"
"Montopoli di Sabina";"Rieti";"2013";"0";"0";"0";"0"
"Morro Reatino";"Rieti";"2013";"0";"0";"0";"0"
"Nespolo";"Rieti";"2013";"0";"0";"0";"0"
"Orvinio";"Rieti";"2013";"0";"0";"0";"0"
"Paganico";"Rieti";"2013";"0";"0";"0";"0"
"Pescorocchiano";"Rieti";"2013";"1";"1";"0";"0"
"Petrella Salto";"Rieti";"2013";"1";"1";"0";"0"
"Poggio Bustone";"Rieti";"2013";"1";"0";"0";"0"
"Poggio Catino";"Rieti";"2013";"0";"0";"0";"0"
"Poggio Mirteto";"Rieti";"2013";"4";"0";"0";"0"
"Poggio Moiano";"Rieti";"2013";"0";"0";"0";"0"
"Poggio Nativo";"Rieti";"2013";"1";"0";"0";"0"
"Poggio San Lorenzo";"Rieti";"2013";"0";"0";"0";"0"
"Posta";"Rieti";"2013";"2";"0";"0";"0"
"Pozzaglia Sabina";"Rieti";"2013";"0";"0";"0";"0"
"Rieti";"Rieti";"2013";"23";"2";"2";"0"
"Rivodutri";"Rieti";"2013";"0";"0";"0";"0"
"Rocca Sinibalda";"Rieti";"2013";"0";"0";"0";"0"
"Roccantica";"Rieti";"2013";"0";"0";"0";"0"
"Salisano";"Rieti";"2013";"0";"0";"0";"0"
"Scandriglia";"Rieti";"2013";"0";"0";"0";"0"
"Selci";"Rieti";"2013";"1";"0";"0";"0"
"Stimigliano";"Rieti";"2013";"0";"0";"0";"0"
"Tarano";"Rieti";"2013";"1";"0";"0";"0"
"Toffia";"Rieti";"2013";"0";"0";"0";"0"
"Torri in Sabina";"Rieti";"2013";"0";"0";"0";"0"
"Torricella in Sabina";"Rieti";"2013";"0";"0";"0";"0"
"Turania";"Rieti";"2013";"0";"0";"0";"0"
"Vacone";"Rieti";"2013";"0";"0";"0";"0"
"Varco Sabino";"Rieti";"2013";"0";"0";"0";"0"
"Affile";"Roma";"2013";"0";"0";"0";"0"
"Agosta";"Roma";"2013";"2";"0";"0";"0"
"Albano Laziale";"Roma";"2013";"9";"2";"0";"0"
"Allumiere";"Roma";"2013";"0";"0";"0";"0"
"Anguillara Sabazia";"Roma";"2013";"2";"0";"1";"0"
"Anticoli Corrado";"Roma";"2013";"0";"0";"0";"0"
"Anzio";"Roma";"2013";"20";"1";"0";"0"
"Arcinazzo Romano";"Roma";"2013";"0";"0";"0";"0"
"Ardea";"Roma";"2013";"14";"3";"2";"0"
"Ariccia";"Roma";"2013";"4";"0";"0";"0"
"Arsoli";"Roma";"2013";"0";"0";"0";"0"
"Artena";"Roma";"2013";"5";"0";"1";"0"
"Bellegra";"Roma";"2013";"0";"0";"0";"0"
"Bracciano";"Roma";"2013";"10";"3";"0";"0"
"Camerata Nuova";"Roma";"2013";"0";"0";"0";"0"
"Campagnano di Roma";"Roma";"2013";"4";"1";"0";"0"
"Canale Monterano";"Roma";"2013";"1";"1";"0";"0"
"Canterano";"Roma";"2013";"0";"0";"0";"0"
"Capena";"Roma";"2013";"4";"0";"0";"0"
"Capranica Prenestina";"Roma";"2013";"0";"0";"0";"0"
"Carpineto Romano";"Roma";"2013";"1";"0";"0";"0"
"Casape";"Roma";"2013";"0";"0";"0";"0"
"Castel Gandolfo";"Roma";"2013";"3";"0";"0";"0"
"Castel Madama";"Roma";"2013";"2";"0";"0";"0"
"Castel San Pietro Romano";"Roma";"2013";"0";"0";"0";"0"
"Castelnuovo di Porto";"Roma";"2013";"7";"0";"0";"0"
"Cave";"Roma";"2013";"7";"1";"0";"0"
"Cerreto Laziale";"Roma";"2013";"0";"0";"0";"0"
"Cervara di Roma";"Roma";"2013";"0";"0";"0";"0"
"Cerveteri";"Roma";"2013";"5";"0";"1";"0"
"Ciampino";"Roma";"2013";"10";"1";"1";"0"
"Ciciliano";"Roma";"2013";"2";"0";"0";"0"
"Cineto Romano";"Roma";"2013";"0";"0";"0";"0"
"Civitavecchia";"Roma";"2013";"22";"4";"0";"0"
"Civitella San Paolo";"Roma";"2013";"0";"0";"0";"0"
"Colleferro";"Roma";"2013";"11";"2";"1";"0"
"Colonna";"Roma";"2013";"1";"0";"0";"0"
"Fiano Romano";"Roma";"2013";"8";"0";"0";"0"
"Filacciano";"Roma";"2013";"0";"0";"0";"0"
"Fiumicino";"Roma";"2013";"26";"2";"0";"0"
"Fonte Nuova";"Roma";"2013";"5";"1";"0";"0"
"Formello";"Roma";"2013";"2";"0";"0";"0"
"Frascati";"Roma";"2013";"10";"0";"2";"0"
"Gallicano nel Lazio";"Roma";"2013";"6";"3";"0";"0"
"Gavignano";"Roma";"2013";"0";"0";"0";"0"
"Genazzano";"Roma";"2013";"2";"2";"1";"0"
"Genzano di Roma";"Roma";"2013";"12";"0";"1";"0"
"Gerano";"Roma";"2013";"0";"0";"0";"0"
"Gorga";"Roma";"2013";"0";"0";"0";"0"
"Grottaferrata";"Roma";"2013";"2";"0";"0";"0"
"Guidonia Montecelio";"Roma";"2013";"26";"5";"2";"0"
"Jenne";"Roma";"2013";"0";"0";"0";"0"
"Labico";"Roma";"2013";"2";"0";"0";"0"
"Ladispoli";"Roma";"2013";"13";"3";"1";"0"
"Lanuvio";"Roma";"2013";"4";"0";"0";"0"
"Lariano";"Roma";"2013";"2";"0";"0";"0"
"Licenza";"Roma";"2013";"0";"0";"0";"0"
"Magliano Romano";"Roma";"2013";"0";"0";"0";"0"
"Mandela";"Roma";"2013";"0";"0";"0";"0"
"Manziana";"Roma";"2013";"3";"0";"1";"0"
"Marano Equo";"Roma";"2013";"0";"0";"0";"0"
"Marcellina";"Roma";"2013";"4";"0";"0";"0"
"Marino";"Roma";"2013";"9";"0";"1";"0"
"Mazzano Romano";"Roma";"2013";"0";"0";"0";"0"
"Mentana";"Roma";"2013";"7";"0";"0";"0"
"Monte Porzio Catone";"Roma";"2013";"2";"0";"0";"0"
"Montecompatri";"Roma";"2013";"2";"0";"0";"0"
"Monteflavio";"Roma";"2013";"0";"0";"0";"0"
"Montelanico";"Roma";"2013";"1";"0";"0";"0"
"Montelibretti";"Roma";"2013";"1";"0";"0";"0"
"Monterotondo";"Roma";"2013";"7";"1";"0";"0"
"Montorio Romano";"Roma";"2013";"0";"0";"0";"0"
"Moricone";"Roma";"2013";"1";"1";"2";"0"
"Morlupo";"Roma";"2013";"2";"0";"0";"0"
"Nazzano";"Roma";"2013";"1";"0";"0";"0"
"Nemi";"Roma";"2013";"0";"0";"0";"0"
"Nerola";"Roma";"2013";"3";"0";"0";"0"
"Nettuno";"Roma";"2013";"13";"0";"0";"0"
"Olevano Romano";"Roma";"2013";"0";"0";"0";"0"
"Palestrina";"Roma";"2013";"5";"1";"0";"0"
"Palombara Sabina";"Roma";"2013";"6";"1";"0";"0"
"Percile";"Roma";"2013";"0";"0";"0";"0"
"Pisoniano";"Roma";"2013";"0";"0";"0";"0"
"Poli";"Roma";"2013";"1";"0";"0";"0"
"Pomezia";"Roma";"2013";"20";"2";"2";"0"
"Ponzano Romano";"Roma";"2013";"1";"0";"0";"0"
"Riano";"Roma";"2013";"1";"0";"0";"0"
"Rignano Flaminio";"Roma";"2013";"0";"0";"0";"0"
"Riofreddo";"Roma";"2013";"0";"0";"0";"0"
"Rocca Canterano";"Roma";"2013";"0";"0";"0";"0"
"Rocca di Cave";"Roma";"2013";"0";"0";"0";"0"
"Rocca di Papa";"Roma";"2013";"2";"0";"0";"0"
"Rocca Priora";"Roma";"2013";"1";"0";"0";"0"
"Rocca Santo Stefano";"Roma";"2013";"0";"0";"0";"0"
"Roccagiovine";"Roma";"2013";"0";"0";"0";"0"
"Roiate";"Roma";"2013";"0";"0";"0";"0"
"Roviano";"Roma";"2013";"1";"0";"0";"0"
"Sacrofano";"Roma";"2013";"0";"0";"0";"0"
"Sambuci";"Roma";"2013";"0";"0";"0";"0"
"San Cesareo";"Roma";"2013";"8";"0";"0";"0"
"San Gregorio da Sassola";"Roma";"2013";"1";"1";"1";"0"
"San Polo dei Cavalieri";"Roma";"2013";"1";"0";"0";"0"
"San Vito Romano";"Roma";"2013";"0";"0";"0";"0"
"Santa Marinella";"Roma";"2013";"8";"1";"1";"0"
"Sant'Angelo Romano";"Roma";"2013";"2";"0";"0";"0"
"Sant'Oreste";"Roma";"2013";"0";"0";"0";"0"
"Saracinesco";"Roma";"2013";"0";"0";"0";"0"
"Segni";"Roma";"2013";"2";"0";"0";"0"
"Subiaco";"Roma";"2013";"2";"0";"0";"0"
"Tivoli";"Roma";"2013";"12";"1";"2";"0"
"Tolfa";"Roma";"2013";"6";"0";"0";"0"
"Torrita Tiberina";"Roma";"2013";"0";"0";"0";"0"
"Trevignano Romano";"Roma";"2013";"1";"0";"0";"0"
"Vallepietra";"Roma";"2013";"0";"0";"0";"0"
"Vallinfreda";"Roma";"2013";"0";"0";"0";"0"
"Valmontone";"Roma";"2013";"13";"4";"2";"0"
"Velletri";"Roma";"2013";"20";"3";"1";"0"
"Vicovaro";"Roma";"2013";"1";"0";"0";"0"
"Vivaro Romano";"Roma";"2013";"0";"0";"0";"0"
"Zagarolo";"Roma";"2013";"5";"0";"1";"0"
"Acquapendente";"Viterbo";"2013";"4";"0";"0";"0"
"Arlena di Castro";"Viterbo";"2013";"1";"1";"1";"0"
"Bagnoregio";"Viterbo";"2013";"1";"1";"0";"0"
"Barbarano Romano";"Viterbo";"2013";"1";"0";"0";"0"
"Bassano in Teverina";"Viterbo";"2013";"2";"1";"1";"0"
"Bassano Romano";"Viterbo";"2013";"2";"0";"0";"0"
"Blera";"Viterbo";"2013";"0";"0";"0";"0"
"Bolsena";"Viterbo";"2013";"2";"1";"1";"0"
"Bomarzo";"Viterbo";"2013";"1";"0";"0";"0"
"Calcata";"Viterbo";"2013";"0";"0";"0";"0"
"Canepina";"Viterbo";"2013";"2";"0";"0";"0"
"Canino";"Viterbo";"2013";"1";"0";"0";"0"
"Capodimonte";"Viterbo";"2013";"2";"1";"1";"0"
"Capranica";"Viterbo";"2013";"3";"0";"0";"0"
"Caprarola";"Viterbo";"2013";"1";"0";"0";"0"
"Carbognano";"Viterbo";"2013";"1";"0";"0";"0"
"Castel Sant'Elia";"Viterbo";"2013";"0";"0";"0";"0"
"Castiglione in Teverina";"Viterbo";"2013";"2";"0";"0";"0"
"Celleno";"Viterbo";"2013";"0";"0";"0";"0"
"Cellere";"Viterbo";"2013";"0";"0";"1";"0"
"Civita Castellana";"Viterbo";"2013";"11";"0";"1";"0"
"Civitella d'Agliano";"Viterbo";"2013";"0";"0";"0";"0"
"Corchiano";"Viterbo";"2013";"2";"1";"0";"0"
"Fabrica di Roma";"Viterbo";"2013";"4";"0";"0";"0"
"Faleria";"Viterbo";"2013";"1";"0";"0";"0"
"Farnese";"Viterbo";"2013";"0";"0";"0";"0"
"Gallese";"Viterbo";"2013";"1";"0";"0";"0"
"Gradoli";"Viterbo";"2013";"1";"0";"0";"0"
"Graffignano";"Viterbo";"2013";"0";"0";"1";"0"
"Grotte di Castro";"Viterbo";"2013";"1";"0";"0";"0"
"Ischia di Castro";"Viterbo";"2013";"1";"0";"0";"0"
"Latera";"Viterbo";"2013";"0";"0";"0";"0"
"Lubriano";"Viterbo";"2013";"1";"0";"0";"0"
"Marta";"Viterbo";"2013";"1";"0";"1";"0"
"Montalto di Castro";"Viterbo";"2013";"4";"0";"0";"0"
"Monte Romano";"Viterbo";"2013";"0";"0";"0";"0"
"Montefiascone";"Viterbo";"2013";"8";"0";"0";"0"
"Monterosi";"Viterbo";"2013";"0";"0";"0";"0"
"Nepi";"Viterbo";"2013";"8";"1";"0";"0"
"Onano";"Viterbo";"2013";"0";"0";"0";"0"
"Oriolo Romano";"Viterbo";"2013";"2";"0";"0";"0"
"Orte";"Viterbo";"2013";"7";"1";"0";"0"
"Piansano";"Viterbo";"2013";"0";"0";"0";"0"
"Proceno";"Viterbo";"2013";"0";"0";"0";"0"
"Ronciglione";"Viterbo";"2013";"5";"2";"0";"0"
"San Lorenzo Nuovo";"Viterbo";"2013";"2";"0";"0";"0"
"Soriano nel Cimino";"Viterbo";"2013";"4";"1";"1";"0"
"Sutri";"Viterbo";"2013";"1";"1";"0";"0"
"Tarquinia";"Viterbo";"2013";"4";"0";"1";"0"
"Tessennano";"Viterbo";"2013";"0";"0";"0";"0"
"Tuscania";"Viterbo";"2013";"1";"0";"0";"0"
"Valentano";"Viterbo";"2013";"1";"0";"0";"0"
"Vallerano";"Viterbo";"2013";"0";"0";"0";"0"
"Vasanello";"Viterbo";"2013";"0";"0";"1";"0"
"Vejano";"Viterbo";"2013";"0";"0";"0";"0"
"Vetralla";"Viterbo";"2013";"7";"2";"0";"0"
"Vignanello";"Viterbo";"2013";"2";"1";"1";"0"
"Villa San Giovanni in Tuscia";"Viterbo";"2013";"0";"0";"0";"0"
"Viterbo";"Viterbo";"2013";"25";"5";"2";"0"
"Vitorchiano";"Viterbo";"2013";"4";"0";"1";"0"
"Roma";"Comune di Roma";"2013";"784";"72";"38";"0"
"Provincia Frosinone";"Frosinone";"2013";"232";"35";"19";"0"
"Provincia Latina";"Latina";"2013";"197";"18";"13";"0"
"Provincia Rieti";"Rieti";"2013";"58";"7";"4";"0"
"Provincia Roma";"Roma";"2013";"442";"51";"28";"0"
"Provincia Viterbo";"Viterbo";"2013";"135";"20";"15";"0"
"Regione Lazio";"Regione Lazio";"2013";"1064";"131";"79";"0"
"Municipio I";"Comune di Roma";"2013";"0";"0";"0";"0"
"Municipio II";"Comune di Roma";"2013";"0";"0";"0";"0"
"Municipio III";"Comune di Roma";"2013";"0";"0";"0";"0"
"Municipio IV";"Comune di Roma";"2013";"0";"0";"0";"0"
"Municipio V";"Comune di Roma";"2013";"0";"0";"0";"0"
"Municipio VI";"Comune di Roma";"2013";"0";"0";"0";"0"
"Municipio VII";"Comune di Roma";"2013";"0";"0";"0";"0"
"Municipio VIII";"Comune di Roma";"2013";"0";"0";"0";"0"
"Municipio IX";"Comune di Roma";"2013";"0";"0";"0";"0"
"Municipio X";"Comune di Roma";"2013";"0";"0";"0";"0"
"Municipio XI";"Comune di Roma";"2013";"0";"0";"0";"0"
"Municipio XII";"Comune di Roma";"2013";"0";"0";"0";"0"
"Municipio XIII";"Comune di Roma";"2013";"0";"0";"0";"0"
"Municipio XIV";"Comune di Roma";"2013";"0";"0";"0";"0"
"Municipio XV";"Comune di Roma";"2013";"0";"0";"0";"0"
"Acquafondata";"Frosinone";"2012";"0";"0";"0";"0"
"Acuto";"Frosinone";"2012";"0";"0";"0";"0"
"Alatri";"Frosinone";"2012";"11";"0";"0";"0"
"Alvito";"Frosinone";"2012";"1";"0";"0";"0"
"Amaseno";"Frosinone";"2012";"1";"0";"0";"0"
"Anagni";"Frosinone";"2012";"17";"1";"1";"0"
"Aquino";"Frosinone";"2012";"2";"0";"0";"0"
"Arce";"Frosinone";"2012";"7";"0";"0";"0"
"Arnara";"Frosinone";"2012";"0";"0";"0";"0"
"Arpino";"Frosinone";"2012";"3";"0";"0";"0"
"Atina";"Frosinone";"2012";"6";"0";"0";"0"
"Ausonia";"Frosinone";"2012";"2";"0";"0";"0"
"Belmonte Castello";"Frosinone";"2012";"0";"0";"0";"0"
"Boville Ernica";"Frosinone";"2012";"3";"0";"0";"0"
"Broccostella";"Frosinone";"2012";"0";"0";"0";"0"
"Campoli Appennino";"Frosinone";"2012";"2";"1";"0";"0"
"Casalattico";"Frosinone";"2012";"0";"0";"0";"0"
"Casalvieri";"Frosinone";"2012";"1";"0";"0";"0"
"Cassino";"Frosinone";"2012";"19";"0";"1";"0"
"Castelliri";"Frosinone";"2012";"0";"0";"0";"0"
"Castelnuovo Parano";"Frosinone";"2012";"0";"0";"0";"0"
"Castro dei Volsci";"Frosinone";"2012";"0";"0";"0";"0"
"Castrocielo";"Frosinone";"2012";"2";"0";"0";"0"
"Ceccano";"Frosinone";"2012";"5";"1";"0";"0"
"Ceprano";"Frosinone";"2012";"6";"0";"0";"0"
"Cervaro";"Frosinone";"2012";"4";"0";"0";"0"
"Colfelice";"Frosinone";"2012";"0";"0";"0";"0"
"Colle San Magno";"Frosinone";"2012";"0";"0";"0";"0"
"Collepardo";"Frosinone";"2012";"0";"0";"0";"0"
"Coreno Ausonio";"Frosinone";"2012";"0";"0";"0";"0"
"Esperia";"Frosinone";"2012";"1";"0";"0";"0"
"Falvaterra";"Frosinone";"2012";"0";"0";"0";"0"
"Ferentino";"Frosinone";"2012";"7";"2";"0";"0"
"Filettino";"Frosinone";"2012";"0";"0";"0";"0"
"Fiuggi";"Frosinone";"2012";"3";"0";"0";"0"
"Fontana Liri";"Frosinone";"2012";"0";"0";"0";"0"
"Fontechiari";"Frosinone";"2012";"0";"0";"0";"0"
"Frosinone";"Frosinone";"2012";"31";"2";"2";"0"
"Fumone";"Frosinone";"2012";"0";"0";"0";"0"
"Gallinaro";"Frosinone";"2012";"1";"0";"0";"0"
"Giuliano di Roma";"Frosinone";"2012";"2";"0";"0";"0"
"Guarcino";"Frosinone";"2012";"1";"0";"0";"0"
"Isola del Liri";"Frosinone";"2012";"11";"0";"0";"0"
"Monte San Giovanni Campano";"Frosinone";"2012";"8";"1";"0";"0"
"Morolo";"Frosinone";"2012";"1";"0";"0";"0"
"Paliano";"Frosinone";"2012";"2";"0";"0";"0"
"Pastena";"Frosinone";"2012";"1";"0";"0";"0"
"Patrica";"Frosinone";"2012";"5";"0";"0";"0"
"Pescosolido";"Frosinone";"2012";"0";"0";"0";"0"
"Picinisco";"Frosinone";"2012";"0";"0";"0";"0"
"Pico";"Frosinone";"2012";"0";"0";"0";"0"
"Piedimonte San Germano";"Frosinone";"2012";"2";"0";"0";"0"
"Piglio";"Frosinone";"2012";"3";"2";"0";"0"
"Pignataro Interamna";"Frosinone";"2012";"2";"0";"0";"0"
"Pofi";"Frosinone";"2012";"4";"0";"0";"0"
"Pontecorvo";"Frosinone";"2012";"5";"0";"0";"0"
"Posta Fibreno";"Frosinone";"2012";"0";"0";"0";"0"
"Ripi";"Frosinone";"2012";"1";"0";"0";"0"
"Rocca d'Arce";"Frosinone";"2012";"0";"0";"0";"0"
"Roccasecca";"Frosinone";"2012";"3";"0";"1";"0"
"San Biagio Saracinisco";"Frosinone";"2012";"0";"0";"0";"0"
"San Donato Val di Comino";"Frosinone";"2012";"1";"0";"0";"0"
"San Giorgio a Liri";"Frosinone";"2012";"1";"0";"0";"0"
"San Giovanni Incarico";"Frosinone";"2012";"4";"0";"0";"0"
"San Vittore del Lazio";"Frosinone";"2012";"3";"0";"0";"0"
"Sant'Ambrogio sul Garigliano";"Frosinone";"2012";"1";"0";"0";"0"
"Sant'Andrea del Garigliano";"Frosinone";"2012";"0";"0";"0";"0"
"Sant'Apollinare";"Frosinone";"2012";"1";"0";"0";"0"
"Sant'Elia Fiumerapido";"Frosinone";"2012";"1";"0";"0";"0"
"Santopadre";"Frosinone";"2012";"1";"0";"0";"0"
"Serrone";"Frosinone";"2012";"3";"0";"0";"0"
"Settefrati";"Frosinone";"2012";"0";"0";"0";"0"
"Sgurgola";"Frosinone";"2012";"0";"0";"0";"0"
"Sora";"Frosinone";"2012";"10";"2";"2";"0"
"Strangolagalli";"Frosinone";"2012";"2";"0";"0";"0"
"Supino";"Frosinone";"2012";"1";"0";"0";"0"
"Terelle";"Frosinone";"2012";"0";"0";"0";"0"
"Torre Cajetani";"Frosinone";"2012";"2";"0";"0";"0"
"Torrice";"Frosinone";"2012";"0";"0";"0";"0"
"Trevi nel Lazio";"Frosinone";"2012";"0";"0";"0";"0"
"Trivigliano";"Frosinone";"2012";"0";"0";"0";"0"
"Vallecorsa";"Frosinone";"2012";"0";"0";"0";"0"
"Vallemaio";"Frosinone";"2012";"0";"0";"0";"0"
"Vallerotonda";"Frosinone";"2012";"0";"0";"1";"0"
"Veroli";"Frosinone";"2012";"6";"0";"0";"0"
"Vicalvi";"Frosinone";"2012";"0";"0";"0";"0"
"Vico nel Lazio";"Frosinone";"2012";"0";"0";"0";"0"
"Villa Latina";"Frosinone";"2012";"0";"0";"0";"0"
"Villa Santa Lucia";"Frosinone";"2012";"2";"0";"0";"0"
"Villa Santo Stefano";"Frosinone";"2012";"0";"0";"0";"0"
"Viticuso";"Frosinone";"2012";"0";"0";"0";"0"
"Aprilia";"Latina";"2012";"18";"1";"0";"0"
"Bassiano";"Latina";"2012";"0";"0";"0";"0"
"Campodimele";"Latina";"2012";"1";"0";"0";"0"
"Castelforte";"Latina";"2012";"0";"0";"0";"0"
"Cisterna di Latina";"Latina";"2012";"8";"0";"0";"0"
"Cori";"Latina";"2012";"4";"0";"0";"0"
"Fondi";"Latina";"2012";"18";"1";"0";"0"
"Formia";"Latina";"2012";"13";"1";"2";"0"
"Gaeta";"Latina";"2012";"7";"0";"0";"0"
"Itri";"Latina";"2012";"2";"0";"0";"0"
"Latina";"Latina";"2012";"59";"5";"4";"0"
"Lenola";"Latina";"2012";"2";"0";"0";"0"
"Maenza";"Latina";"2012";"0";"0";"0";"0"
"Minturno";"Latina";"2012";"5";"0";"1";"0"
"Monte San Biagio";"Latina";"2012";"0";"0";"0";"0"
"Norma";"Latina";"2012";"0";"0";"1";"0"
"Pontinia";"Latina";"2012";"8";"1";"1";"0"
"Ponza";"Latina";"2012";"1";"0";"0";"0"
"Priverno";"Latina";"2012";"3";"1";"2";"0"
"Prossedi";"Latina";"2012";"2";"0";"0";"0"
"Rocca Massima";"Latina";"2012";"0";"0";"0";"0"
"Roccagorga";"Latina";"2012";"0";"0";"0";"0"
"Roccasecca dei Volsci";"Latina";"2012";"1";"0";"1";"0"
"Sabaudia";"Latina";"2012";"12";"0";"0";"0"
"San Felice Circeo";"Latina";"2012";"3";"0";"1";"0"
"Santi Cosma e Damiano";"Latina";"2012";"3";"1";"1";"0"
"Sermoneta";"Latina";"2012";"1";"0";"0";"0"
"Sezze";"Latina";"2012";"10";"0";"1";"0"
"Sonnino";"Latina";"2012";"4";"0";"0";"0"
"Sperlonga";"Latina";"2012";"3";"0";"0";"0"
"Spigno Saturnia";"Latina";"2012";"2";"0";"0";"0"
"Terracina";"Latina";"2012";"8";"0";"1";"0"
"Ventotene";"Latina";"2012";"1";"0";"0";"0"
"Accumoli";"Rieti";"2012";"1";"0";"0";"0"
"Amatrice";"Rieti";"2012";"1";"0";"0";"0"
"Antrodoco";"Rieti";"2012";"0";"0";"0";"0"
"Ascrea";"Rieti";"2012";"0";"0";"0";"0"
"Belmonte in Sabina";"Rieti";"2012";"0";"0";"0";"0"
"Borbona";"Rieti";"2012";"0";"0";"0";"0"
"Borgo Velino";"Rieti";"2012";"0";"0";"0";"0"
"Borgorose";"Rieti";"2012";"2";"1";"0";"0"
"Cantalice";"Rieti";"2012";"0";"0";"0";"0"
"Cantalupo in Sabina";"Rieti";"2012";"0";"0";"0";"0"
"Casaprota";"Rieti";"2012";"0";"0";"0";"0"
"Casperia";"Rieti";"2012";"0";"0";"0";"0"
"Castel di Tora";"Rieti";"2012";"0";"0";"0";"0"
"Castel Sant'Angelo";"Rieti";"2012";"0";"0";"0";"0"
"Castelnuovo di Farfa";"Rieti";"2012";"0";"0";"0";"0"
"Cittaducale";"Rieti";"2012";"3";"0";"0";"0"
"Cittareale";"Rieti";"2012";"1";"0";"0";"0"
"Collalto Sabino";"Rieti";"2012";"0";"0";"0";"0"
"Colle di Tora";"Rieti";"2012";"0";"0";"0";"0"
"Collegiove";"Rieti";"2012";"0";"0";"0";"0"
"Collevecchio";"Rieti";"2012";"1";"0";"0";"0"
"Colli sul Velino";"Rieti";"2012";"0";"0";"0";"0"
"Concerviano";"Rieti";"2012";"0";"0";"0";"0"
"Configni";"Rieti";"2012";"1";"0";"0";"0"
"Contigliano";"Rieti";"2012";"1";"0";"0";"0"
"Cottanello";"Rieti";"2012";"3";"0";"0";"0"
"Fara in Sabina";"Rieti";"2012";"4";"0";"0";"0"
"Fiamignano";"Rieti";"2012";"0";"0";"0";"0"
"Forano";"Rieti";"2012";"1";"0";"0";"0"
"Frasso Sabino";"Rieti";"2012";"0";"0";"0";"0"
"Greccio";"Rieti";"2012";"1";"0";"0";"0"
"Labro";"Rieti";"2012";"0";"0";"0";"0"
"Leonessa";"Rieti";"2012";"1";"0";"0";"0"
"Longone Sabino";"Rieti";"2012";"0";"0";"0";"0"
"Magliano Sabina";"Rieti";"2012";"0";"0";"0";"0"
"Marcetelli";"Rieti";"2012";"0";"0";"0";"0"
"Micigliano";"Rieti";"2012";"0";"0";"0";"0"
"Mompeo";"Rieti";"2012";"0";"0";"0";"0"
"Montasola";"Rieti";"2012";"0";"0";"0";"0"
"Monte San Giovanni in Sabina";"Rieti";"2012";"0";"0";"0";"0"
"Montebuono";"Rieti";"2012";"2";"0";"0";"0"
"Monteleone Sabino";"Rieti";"2012";"0";"0";"0";"0"
"Montenero Sabino";"Rieti";"2012";"0";"0";"0";"0"
"Montopoli di Sabina";"Rieti";"2012";"0";"0";"1";"0"
"Morro Reatino";"Rieti";"2012";"0";"0";"0";"0"
"Nespolo";"Rieti";"2012";"0";"0";"0";"0"
"Orvinio";"Rieti";"2012";"0";"0";"0";"0"
"Paganico";"Rieti";"2012";"0";"0";"0";"0"
"Pescorocchiano";"Rieti";"2012";"0";"0";"0";"0"
"Petrella Salto";"Rieti";"2012";"0";"0";"0";"0"
"Poggio Bustone";"Rieti";"2012";"1";"0";"0";"0"
"Poggio Catino";"Rieti";"2012";"0";"0";"0";"0"
"Poggio Mirteto";"Rieti";"2012";"4";"1";"0";"0"
"Poggio Moiano";"Rieti";"2012";"0";"0";"0";"0"
"Poggio Nativo";"Rieti";"2012";"1";"0";"0";"0"
"Poggio San Lorenzo";"Rieti";"2012";"0";"0";"0";"0"
"Posta";"Rieti";"2012";"2";"0";"0";"0"
"Pozzaglia Sabina";"Rieti";"2012";"0";"0";"0";"0"
"Rieti";"Rieti";"2012";"23";"1";"2";"0"
"Rivodutri";"Rieti";"2012";"0";"0";"0";"0"
"Rocca Sinibalda";"Rieti";"2012";"0";"0";"0";"0"
"Roccantica";"Rieti";"2012";"0";"0";"0";"0"
"Salisano";"Rieti";"2012";"0";"0";"0";"0"
"Scandriglia";"Rieti";"2012";"0";"0";"0";"0"
"Selci";"Rieti";"2012";"1";"1";"0";"0"
"Stimigliano";"Rieti";"2012";"0";"0";"0";"0"
"Tarano";"Rieti";"2012";"1";"0";"0";"0"
"Toffia";"Rieti";"2012";"0";"0";"0";"0"
"Torri in Sabina";"Rieti";"2012";"0";"0";"1";"0"
"Torricella in Sabina";"Rieti";"2012";"0";"0";"0";"0"
"Turania";"Rieti";"2012";"0";"0";"0";"0"
"Vacone";"Rieti";"2012";"0";"0";"0";"0"
"Varco Sabino";"Rieti";"2012";"0";"0";"0";"0"
"Affile";"Roma";"2012";"0";"0";"0";"0"
"Agosta";"Roma";"2012";"2";"0";"0";"0"
"Albano Laziale";"Roma";"2012";"8";"0";"0";"0"
"Allumiere";"Roma";"2012";"0";"0";"0";"0"
"Anguillara Sabazia";"Roma";"2012";"3";"0";"0";"0"
"Anticoli Corrado";"Roma";"2012";"0";"0";"0";"0"
"Anzio";"Roma";"2012";"19";"0";"0";"0"
"Arcinazzo Romano";"Roma";"2012";"0";"0";"0";"0"
"Ardea";"Roma";"2012";"13";"4";"1";"0"
"Ariccia";"Roma";"2012";"4";"1";"0";"0"
"Arsoli";"Roma";"2012";"0";"0";"0";"0"
"Artena";"Roma";"2012";"6";"1";"1";"0"
"Bellegra";"Roma";"2012";"0";"0";"0";"0"
"Bracciano";"Roma";"2012";"7";"0";"0";"0"
"Camerata Nuova";"Roma";"2012";"0";"0";"0";"0"
"Campagnano di Roma";"Roma";"2012";"4";"0";"0";"0"
"Canale Monterano";"Roma";"2012";"0";"0";"1";"0"
"Canterano";"Roma";"2012";"0";"0";"0";"0"
"Capena";"Roma";"2012";"4";"2";"0";"0"
"Capranica Prenestina";"Roma";"2012";"0";"0";"0";"0"
"Carpineto Romano";"Roma";"2012";"1";"0";"0";"0"
"Casape";"Roma";"2012";"0";"0";"0";"0"
"Castel Gandolfo";"Roma";"2012";"3";"0";"0";"0"
"Castel Madama";"Roma";"2012";"2";"0";"0";"0"
"Castel San Pietro Romano";"Roma";"2012";"0";"0";"0";"0"
"Castelnuovo di Porto";"Roma";"2012";"7";"0";"0";"0"
"Cave";"Roma";"2012";"7";"2";"0";"0"
"Cerreto Laziale";"Roma";"2012";"0";"0";"0";"0"
"Cervara di Roma";"Roma";"2012";"0";"0";"0";"0"
"Cerveteri";"Roma";"2012";"6";"0";"0";"0"
"Ciampino";"Roma";"2012";"11";"0";"0";"0"
"Ciciliano";"Roma";"2012";"2";"0";"0";"0"
"Cineto Romano";"Roma";"2012";"0";"0";"0";"0"
"Civitavecchia";"Roma";"2012";"19";"1";"0";"0"
"Civitella San Paolo";"Roma";"2012";"0";"0";"0";"0"
"Colleferro";"Roma";"2012";"10";"0";"1";"0"
"Colonna";"Roma";"2012";"1";"0";"0";"0"
"Fiano Romano";"Roma";"2012";"8";"1";"1";"0"
"Filacciano";"Roma";"2012";"0";"0";"0";"0"
"Fiumicino";"Roma";"2012";"24";"5";"2";"0"
"Fonte Nuova";"Roma";"2012";"4";"0";"0";"0"
"Formello";"Roma";"2012";"2";"0";"0";"0"
"Frascati";"Roma";"2012";"11";"0";"0";"0"
"Gallicano nel Lazio";"Roma";"2012";"4";"0";"0";"0"
"Gavignano";"Roma";"2012";"0";"0";"0";"0"
"Genazzano";"Roma";"2012";"1";"0";"0";"0"
"Genzano di Roma";"Roma";"2012";"13";"0";"0";"0"
"Gerano";"Roma";"2012";"0";"0";"0";"0"
"Gorga";"Roma";"2012";"0";"0";"0";"0"
"Grottaferrata";"Roma";"2012";"2";"0";"0";"0"
"Guidonia Montecelio";"Roma";"2012";"24";"4";"1";"0"
"Jenne";"Roma";"2012";"0";"0";"0";"0"
"Labico";"Roma";"2012";"2";"1";"1";"0"
"Ladispoli";"Roma";"2012";"11";"0";"0";"0"
"Lanuvio";"Roma";"2012";"4";"0";"0";"0"
"Lariano";"Roma";"2012";"2";"0";"0";"0"
"Licenza";"Roma";"2012";"0";"0";"0";"0"
"Magliano Romano";"Roma";"2012";"0";"0";"0";"0"
"Mandela";"Roma";"2012";"0";"0";"0";"0"
"Manziana";"Roma";"2012";"4";"0";"0";"0"
"Marano Equo";"Roma";"2012";"0";"0";"0";"0"
"Marcellina";"Roma";"2012";"4";"1";"0";"0"
"Marino";"Roma";"2012";"10";"2";"1";"0"
"Mazzano Romano";"Roma";"2012";"0";"0";"0";"0"
"Mentana";"Roma";"2012";"7";"2";"0";"0"
"Monte Porzio Catone";"Roma";"2012";"2";"0";"0";"0"
"Montecompatri";"Roma";"2012";"2";"0";"0";"0"
"Monteflavio";"Roma";"2012";"0";"0";"0";"0"
"Montelanico";"Roma";"2012";"1";"0";"0";"0"
"Montelibretti";"Roma";"2012";"1";"0";"0";"0"
"Monterotondo";"Roma";"2012";"6";"2";"1";"0"
"Montorio Romano";"Roma";"2012";"0";"0";"0";"0"
"Moricone";"Roma";"2012";"2";"0";"0";"0"
"Morlupo";"Roma";"2012";"2";"0";"0";"0"
"Nazzano";"Roma";"2012";"1";"0";"0";"0"
"Nemi";"Roma";"2012";"0";"0";"0";"0"
"Nerola";"Roma";"2012";"3";"2";"0";"0"
"Nettuno";"Roma";"2012";"13";"0";"2";"0"
"Olevano Romano";"Roma";"2012";"0";"0";"0";"0"
"Palestrina";"Roma";"2012";"5";"0";"0";"0"
"Palombara Sabina";"Roma";"2012";"5";"0";"0";"0"
"Percile";"Roma";"2012";"0";"0";"0";"0"
"Pisoniano";"Roma";"2012";"0";"0";"0";"0"
"Poli";"Roma";"2012";"1";"0";"0";"0"
"Pomezia";"Roma";"2012";"20";"4";"0";"0"
"Ponzano Romano";"Roma";"2012";"1";"0";"0";"0"
"Riano";"Roma";"2012";"1";"0";"0";"0"
"Rignano Flaminio";"Roma";"2012";"0";"0";"0";"0"
"Riofreddo";"Roma";"2012";"0";"0";"0";"0"
"Rocca Canterano";"Roma";"2012";"0";"0";"0";"0"
"Rocca di Cave";"Roma";"2012";"0";"0";"0";"0"
"Rocca di Papa";"Roma";"2012";"2";"0";"1";"0"
"Rocca Priora";"Roma";"2012";"1";"0";"0";"0"
"Rocca Santo Stefano";"Roma";"2012";"0";"0";"0";"0"
"Roccagiovine";"Roma";"2012";"0";"0";"0";"0"
"Roiate";"Roma";"2012";"0";"0";"0";"0"
"Roviano";"Roma";"2012";"1";"0";"0";"0"
"Sacrofano";"Roma";"2012";"0";"0";"0";"0"
"Sambuci";"Roma";"2012";"0";"0";"0";"0"
"San Cesareo";"Roma";"2012";"8";"2";"3";"0"
"San Gregorio da Sassola";"Roma";"2012";"1";"0";"0";"0"
"San Polo dei Cavalieri";"Roma";"2012";"1";"0";"0";"0"
"San Vito Romano";"Roma";"2012";"0";"0";"0";"0"
"Santa Marinella";"Roma";"2012";"9";"0";"0";"0"
"Sant'Angelo Romano";"Roma";"2012";"2";"1";"2";"0"
"Sant'Oreste";"Roma";"2012";"0";"0";"0";"0"
"Saracinesco";"Roma";"2012";"0";"0";"0";"0"
"Segni";"Roma";"2012";"2";"0";"0";"0"
"Subiaco";"Roma";"2012";"2";"0";"0";"0"
"Tivoli";"Roma";"2012";"13";"0";"0";"0"
"Tolfa";"Roma";"2012";"6";"0";"0";"0"
"Torrita Tiberina";"Roma";"2012";"0";"0";"0";"0"
"Trevignano Romano";"Roma";"2012";"1";"0";"0";"0"
"Vallepietra";"Roma";"2012";"0";"0";"0";"0"
"Vallinfreda";"Roma";"2012";"0";"0";"0";"0"
"Valmontone";"Roma";"2012";"12";"1";"0";"0"
"Velletri";"Roma";"2012";"18";"1";"0";"0"
"Vicovaro";"Roma";"2012";"1";"0";"0";"0"
"Vivaro Romano";"Roma";"2012";"0";"0";"0";"0"
"Zagarolo";"Roma";"2012";"6";"1";"0";"0"
"Acquapendente";"Viterbo";"2012";"4";"0";"0";"0"
"Arlena di Castro";"Viterbo";"2012";"1";"0";"0";"0"
"Bagnoregio";"Viterbo";"2012";"1";"0";"0";"0"
"Barbarano Romano";"Viterbo";"2012";"1";"0";"0";"0"
"Bassano in Teverina";"Viterbo";"2012";"3";"1";"0";"0"
"Bassano Romano";"Viterbo";"2012";"2";"1";"0";"0"
"Blera";"Viterbo";"2012";"0";"0";"0";"0"
"Bolsena";"Viterbo";"2012";"3";"0";"0";"0"
"Bomarzo";"Viterbo";"2012";"1";"0";"0";"0"
"Calcata";"Viterbo";"2012";"0";"0";"0";"0"
"Canepina";"Viterbo";"2012";"2";"0";"0";"0"
"Canino";"Viterbo";"2012";"1";"0";"0";"0"
"Capodimonte";"Viterbo";"2012";"2";"0";"0";"0"
"Capranica";"Viterbo";"2012";"3";"0";"0";"0"
"Caprarola";"Viterbo";"2012";"1";"0";"0";"0"
"Carbognano";"Viterbo";"2012";"1";"0";"0";"0"
"Castel Sant'Elia";"Viterbo";"2012";"0";"0";"0";"0"
"Castiglione in Teverina";"Viterbo";"2012";"2";"0";"0";"0"
"Celleno";"Viterbo";"2012";"0";"0";"0";"0"
"Cellere";"Viterbo";"2012";"1";"0";"0";"0"
"Civita Castellana";"Viterbo";"2012";"12";"0";"0";"0"
"Civitella d'Agliano";"Viterbo";"2012";"0";"0";"0";"0"
"Corchiano";"Viterbo";"2012";"1";"0";"0";"0"
"Fabrica di Roma";"Viterbo";"2012";"4";"2";"0";"0"
"Faleria";"Viterbo";"2012";"1";"0";"0";"0"
"Farnese";"Viterbo";"2012";"0";"0";"0";"0"
"Gallese";"Viterbo";"2012";"1";"0";"0";"0"
"Gradoli";"Viterbo";"2012";"1";"0";"0";"0"
"Graffignano";"Viterbo";"2012";"1";"0";"0";"0"
"Grotte di Castro";"Viterbo";"2012";"1";"0";"0";"0"
"Ischia di Castro";"Viterbo";"2012";"1";"0";"0";"0"
"Latera";"Viterbo";"2012";"0";"0";"0";"0"
"Lubriano";"Viterbo";"2012";"1";"0";"0";"0"
"Marta";"Viterbo";"2012";"2";"1";"0";"0"
"Montalto di Castro";"Viterbo";"2012";"4";"0";"0";"0"
"Monte Romano";"Viterbo";"2012";"0";"0";"0";"0"
"Montefiascone";"Viterbo";"2012";"8";"1";"0";"0"
"Monterosi";"Viterbo";"2012";"0";"0";"0";"0"
"Nepi";"Viterbo";"2012";"8";"0";"0";"0"
"Onano";"Viterbo";"2012";"0";"0";"0";"0"
"Oriolo Romano";"Viterbo";"2012";"2";"0";"0";"0"
"Orte";"Viterbo";"2012";"6";"0";"0";"0"
"Piansano";"Viterbo";"2012";"0";"0";"0";"0"
"Proceno";"Viterbo";"2012";"0";"0";"0";"0"
"Ronciglione";"Viterbo";"2012";"4";"0";"0";"0"
"San Lorenzo Nuovo";"Viterbo";"2012";"2";"0";"0";"0"
"Soriano nel Cimino";"Viterbo";"2012";"4";"0";"2";"0"
"Sutri";"Viterbo";"2012";"1";"0";"0";"0"
"Tarquinia";"Viterbo";"2012";"5";"0";"1";"0"
"Tessennano";"Viterbo";"2012";"0";"0";"0";"0"
"Tuscania";"Viterbo";"2012";"1";"0";"0";"0"
"Valentano";"Viterbo";"2012";"1";"0";"0";"0"
"Vallerano";"Viterbo";"2012";"0";"0";"0";"0"
"Vasanello";"Viterbo";"2012";"1";"0";"0";"0"
"Vejano";"Viterbo";"2012";"0";"0";"0";"0"
"Vetralla";"Viterbo";"2012";"6";"1";"0";"0"
"Vignanello";"Viterbo";"2012";"2";"0";"0";"0"
"Villa San Giovanni in Tuscia";"Viterbo";"2012";"0";"0";"0";"0"
"Viterbo";"Viterbo";"2012";"23";"1";"4";"0"
"Vitorchiano";"Viterbo";"2012";"5";"1";"0";"0"
"Roma";"Comune di Roma";"2012";"760";"53";"30";"0"
"Provincia Frosinone";"Frosinone";"2012";"225";"12";"8";"0"
"Provincia Latina";"Latina";"2012";"199";"11";"16";"0"
"Provincia Rieti";"Rieti";"2012";"56";"4";"4";"0"
"Provincia Roma";"Roma";"2012";"428";"41";"19";"0"
"Provincia Viterbo";"Viterbo";"2012";"138";"9";"7";"0"
"Regione Lazio";"Regione Lazio";"2012";"1046";"77";"54";"0"
"Municipio I";"Comune di Roma";"2012";"0";"0";"0";"0"
"Municipio II";"Comune di Roma";"2012";"0";"0";"0";"0"
"Municipio III";"Comune di Roma";"2012";"0";"0";"0";"0"
"Municipio IV";"Comune di Roma";"2012";"0";"0";"0";"0"
"Municipio V";"Comune di Roma";"2012";"0";"0";"0";"0"
"Municipio VI";"Comune di Roma";"2012";"0";"0";"0";"0"
"Municipio VII";"Comune di Roma";"2012";"0";"0";"0";"0"
"Municipio VIII";"Comune di Roma";"2012";"0";"0";"0";"0"
"Municipio IX";"Comune di Roma";"2012";"0";"0";"0";"0"
"Municipio X";"Comune di Roma";"2012";"0";"0";"0";"0"
"Municipio XI";"Comune di Roma";"2012";"0";"0";"0";"0"
"Municipio XII";"Comune di Roma";"2012";"0";"0";"0";"0"
"Municipio XIII";"Comune di Roma";"2012";"0";"0";"0";"0"
"Municipio XIV";"Comune di Roma";"2012";"0";"0";"0";"0"
"Municipio XV";"Comune di Roma";"2012";"0";"0";"0";"0"
"Acquafondata";"Frosinone";"2011";"0";"0";"0";"0"
"Acuto";"Frosinone";"2011";"0";"0";"0";"0"
"Alatri";"Frosinone";"2011";"11";"0";"0";"0"
"Alvito";"Frosinone";"2011";"1";"0";"0";"0"
"Amaseno";"Frosinone";"2011";"1";"0";"0";"0"
"Anagni";"Frosinone";"2011";"17";"2";"0";"0"
"Aquino";"Frosinone";"2011";"2";"0";"0";"0"
"Arce";"Frosinone";"2011";"7";"0";"0";"0"
"Arnara";"Frosinone";"2011";"0";"0";"0";"0"
"Arpino";"Frosinone";"2011";"3";"1";"0";"0"
"Atina";"Frosinone";"2011";"6";"0";"0";"0"
"Ausonia";"Frosinone";"2011";"2";"0";"0";"0"
"Belmonte Castello";"Frosinone";"2011";"0";"0";"0";"0"
"Boville Ernica";"Frosinone";"2011";"3";"0";"0";"0"
"Broccostella";"Frosinone";"2011";"0";"0";"0";"0"
"Campoli Appennino";"Frosinone";"2011";"1";"0";"0";"0"
"Casalattico";"Frosinone";"2011";"0";"0";"0";"0"
"Casalvieri";"Frosinone";"2011";"1";"0";"0";"0"
"Cassino";"Frosinone";"2011";"20";"3";"0";"0"
"Castelliri";"Frosinone";"2011";"0";"0";"0";"0"
"Castelnuovo Parano";"Frosinone";"2011";"0";"0";"0";"0"
"Castro dei Volsci";"Frosinone";"2011";"0";"0";"0";"0"
"Castrocielo";"Frosinone";"2011";"2";"0";"0";"0"
"Ceccano";"Frosinone";"2011";"4";"0";"0";"0"
"Ceprano";"Frosinone";"2011";"6";"1";"0";"0"
"Cervaro";"Frosinone";"2011";"4";"0";"0";"0"
"Colfelice";"Frosinone";"2011";"0";"0";"0";"0"
"Colle San Magno";"Frosinone";"2011";"0";"0";"0";"0"
"Collepardo";"Frosinone";"2011";"0";"0";"0";"0"
"Coreno Ausonio";"Frosinone";"2011";"0";"0";"0";"0"
"Esperia";"Frosinone";"2011";"1";"0";"0";"0"
"Falvaterra";"Frosinone";"2011";"0";"0";"0";"0"
"Ferentino";"Frosinone";"2011";"5";"0";"0";"0"
"Filettino";"Frosinone";"2011";"0";"0";"0";"0"
"Fiuggi";"Frosinone";"2011";"3";"0";"0";"0"
"Fontana Liri";"Frosinone";"2011";"0";"0";"0";"0"
"Fontechiari";"Frosinone";"2011";"0";"0";"0";"0"
"Frosinone";"Frosinone";"2011";"31";"0";"0";"0"
"Fumone";"Frosinone";"2011";"0";"0";"0";"0"
"Gallinaro";"Frosinone";"2011";"1";"0";"0";"0"
"Giuliano di Roma";"Frosinone";"2011";"2";"0";"0";"0"
"Guarcino";"Frosinone";"2011";"1";"0";"0";"0"
"Isola del Liri";"Frosinone";"2011";"11";"0";"0";"0"
"Monte San Giovanni Campano";"Frosinone";"2011";"7";"0";"0";"0"
"Morolo";"Frosinone";"2011";"1";"1";"0";"0"
"Paliano";"Frosinone";"2011";"2";"0";"0";"0"
"Pastena";"Frosinone";"2011";"1";"0";"0";"0"
"Patrica";"Frosinone";"2011";"5";"1";"0";"0"
"Pescosolido";"Frosinone";"2011";"0";"0";"0";"0"
"Picinisco";"Frosinone";"2011";"0";"0";"0";"0"
"Pico";"Frosinone";"2011";"0";"0";"0";"0"
"Piedimonte San Germano";"Frosinone";"2011";"2";"0";"0";"0"
"Piglio";"Frosinone";"2011";"1";"0";"0";"0"
"Pignataro Interamna";"Frosinone";"2011";"2";"0";"0";"0"
"Pofi";"Frosinone";"2011";"4";"1";"0";"0"
"Pontecorvo";"Frosinone";"2011";"5";"1";"0";"0"
"Posta Fibreno";"Frosinone";"2011";"0";"0";"0";"0"
"Ripi";"Frosinone";"2011";"1";"0";"0";"0"
"Rocca d'Arce";"Frosinone";"2011";"0";"0";"0";"0"
"Roccasecca";"Frosinone";"2011";"4";"1";"0";"0"
"San Biagio Saracinisco";"Frosinone";"2011";"0";"0";"0";"0"
"San Donato Val di Comino";"Frosinone";"2011";"1";"0";"0";"0"
"San Giorgio a Liri";"Frosinone";"2011";"1";"0";"0";"0"
"San Giovanni Incarico";"Frosinone";"2011";"4";"0";"0";"0"
"San Vittore del Lazio";"Frosinone";"2011";"3";"0";"0";"0"
"Sant'Ambrogio sul Garigliano";"Frosinone";"2011";"1";"0";"0";"0"
"Sant'Andrea del Garigliano";"Frosinone";"2011";"0";"0";"0";"0"
"Sant'Apollinare";"Frosinone";"2011";"1";"0";"0";"0"
"Sant'Elia Fiumerapido";"Frosinone";"2011";"1";"0";"0";"0"
"Santopadre";"Frosinone";"2011";"1";"0";"0";"0"
"Serrone";"Frosinone";"2011";"3";"0";"0";"0"
"Settefrati";"Frosinone";"2011";"0";"0";"0";"0"
"Sgurgola";"Frosinone";"2011";"0";"0";"0";"0"
"Sora";"Frosinone";"2011";"10";"1";"0";"0"
"Strangolagalli";"Frosinone";"2011";"2";"0";"0";"0"
"Supino";"Frosinone";"2011";"1";"0";"0";"0"
"Terelle";"Frosinone";"2011";"0";"0";"0";"0"
"Torre Cajetani";"Frosinone";"2011";"2";"1";"0";"0"
"Torrice";"Frosinone";"2011";"0";"0";"0";"0"
"Trevi nel Lazio";"Frosinone";"2011";"0";"0";"0";"0"
"Trivigliano";"Frosinone";"2011";"0";"0";"0";"0"
"Vallecorsa";"Frosinone";"2011";"0";"0";"0";"0"
"Vallemaio";"Frosinone";"2011";"0";"0";"0";"0"
"Vallerotonda";"Frosinone";"2011";"1";"0";"0";"0"
"Veroli";"Frosinone";"2011";"6";"0";"0";"0"
"Vicalvi";"Frosinone";"2011";"0";"0";"0";"0"
"Vico nel Lazio";"Frosinone";"2011";"0";"0";"0";"0"
"Villa Latina";"Frosinone";"2011";"0";"0";"0";"0"
"Villa Santa Lucia";"Frosinone";"2011";"2";"0";"0";"0"
"Villa Santo Stefano";"Frosinone";"2011";"0";"0";"0";"0"
"Viticuso";"Frosinone";"2011";"0";"0";"0";"0"
"Aprilia";"Latina";"2011";"18";"2";"0";"0"
"Bassiano";"Latina";"2011";"0";"0";"0";"0"
"Campodimele";"Latina";"2011";"1";"0";"0";"0"
"Castelforte";"Latina";"2011";"0";"0";"0";"0"
"Cisterna di Latina";"Latina";"2011";"8";"1";"0";"0"
"Cori";"Latina";"2011";"4";"2";"0";"0"
"Fondi";"Latina";"2011";"16";"1";"0";"0"
"Formia";"Latina";"2011";"15";"1";"0";"0"
"Gaeta";"Latina";"2011";"7";"1";"0";"0"
"Itri";"Latina";"2011";"2";"0";"0";"0"
"Latina";"Latina";"2011";"57";"7";"0";"0"
"Lenola";"Latina";"2011";"2";"0";"0";"0"
"Maenza";"Latina";"2011";"0";"0";"0";"0"
"Minturno";"Latina";"2011";"6";"0";"0";"0"
"Monte San Biagio";"Latina";"2011";"0";"0";"0";"0"
"Norma";"Latina";"2011";"1";"0";"0";"0"
"Pontinia";"Latina";"2011";"8";"0";"0";"0"
"Ponza";"Latina";"2011";"1";"0";"0";"0"
"Priverno";"Latina";"2011";"3";"0";"0";"0"
"Prossedi";"Latina";"2011";"2";"0";"0";"0"
"Rocca Massima";"Latina";"2011";"0";"0";"0";"0"
"Roccagorga";"Latina";"2011";"0";"0";"0";"0"
"Roccasecca dei Volsci";"Latina";"2011";"2";"0";"0";"0"
"Sabaudia";"Latina";"2011";"12";"2";"0";"0"
"San Felice Circeo";"Latina";"2011";"4";"1";"0";"0"
"Santi Cosma e Damiano";"Latina";"2011";"4";"0";"0";"0"
"Sermoneta";"Latina";"2011";"1";"0";"0";"0"
"Sezze";"Latina";"2011";"11";"1";"0";"0"
"Sonnino";"Latina";"2011";"4";"0";"0";"0"
"Sperlonga";"Latina";"2011";"3";"0";"0";"0"
"Spigno Saturnia";"Latina";"2011";"2";"0";"0";"0"
"Terracina";"Latina";"2011";"9";"0";"0";"0"
"Ventotene";"Latina";"2011";"1";"0";"0";"0"
"Accumoli";"Rieti";"2011";"1";"0";"0";"0"
"Amatrice";"Rieti";"2011";"1";"0";"0";"0"
"Antrodoco";"Rieti";"2011";"0";"0";"0";"0"
"Ascrea";"Rieti";"2011";"0";"0";"0";"0"
"Belmonte in Sabina";"Rieti";"2011";"0";"0";"0";"0"
"Borbona";"Rieti";"2011";"0";"0";"0";"0"
"Borgo Velino";"Rieti";"2011";"0";"0";"0";"0"
"Borgorose";"Rieti";"2011";"2";"0";"0";"0"
"Cantalice";"Rieti";"2011";"0";"0";"0";"0"
"Cantalupo in Sabina";"Rieti";"2011";"0";"0";"0";"0"
"Casaprota";"Rieti";"2011";"0";"0";"0";"0"
"Casperia";"Rieti";"2011";"0";"0";"0";"0"
"Castel di Tora";"Rieti";"2011";"0";"0";"0";"0"
"Castel Sant'Angelo";"Rieti";"2011";"0";"0";"0";"0"
"Castelnuovo di Farfa";"Rieti";"2011";"0";"0";"0";"0"
"Cittaducale";"Rieti";"2011";"3";"0";"0";"0"
"Cittareale";"Rieti";"2011";"1";"0";"0";"0"
"Collalto Sabino";"Rieti";"2011";"0";"0";"0";"0"
"Colle di Tora";"Rieti";"2011";"0";"0";"0";"0"
"Collegiove";"Rieti";"2011";"0";"0";"0";"0"
"Collevecchio";"Rieti";"2011";"1";"0";"0";"0"
"Colli sul Velino";"Rieti";"2011";"0";"0";"0";"0"
"Concerviano";"Rieti";"2011";"0";"0";"0";"0"
"Configni";"Rieti";"2011";"1";"0";"0";"0"
"Contigliano";"Rieti";"2011";"1";"0";"0";"0"
"Cottanello";"Rieti";"2011";"3";"0";"0";"0"
"Fara in Sabina";"Rieti";"2011";"4";"0";"0";"0"
"Fiamignano";"Rieti";"2011";"0";"0";"0";"0"
"Forano";"Rieti";"2011";"1";"0";"0";"0"
"Frasso Sabino";"Rieti";"2011";"0";"0";"0";"0"
"Greccio";"Rieti";"2011";"1";"0";"0";"0"
"Labro";"Rieti";"2011";"0";"0";"0";"0"
"Leonessa";"Rieti";"2011";"1";"0";"0";"0"
"Longone Sabino";"Rieti";"2011";"0";"0";"0";"0"
"Magliano Sabina";"Rieti";"2011";"0";"0";"0";"0"
"Marcetelli";"Rieti";"2011";"0";"0";"0";"0"
"Micigliano";"Rieti";"2011";"0";"0";"0";"0"
"Mompeo";"Rieti";"2011";"0";"0";"0";"0"
"Montasola";"Rieti";"2011";"0";"0";"0";"0"
"Monte San Giovanni in Sabina";"Rieti";"2011";"0";"0";"0";"0"
"Montebuono";"Rieti";"2011";"2";"0";"0";"0"
"Monteleone Sabino";"Rieti";"2011";"0";"0";"0";"0"
"Montenero Sabino";"Rieti";"2011";"0";"0";"0";"0"
"Montopoli di Sabina";"Rieti";"2011";"1";"0";"0";"0"
"Morro Reatino";"Rieti";"2011";"0";"0";"0";"0"
"Nespolo";"Rieti";"2011";"0";"0";"0";"0"
"Orvinio";"Rieti";"2011";"0";"0";"0";"0"
"Paganico";"Rieti";"2011";"0";"0";"0";"0"
"Pescorocchiano";"Rieti";"2011";"0";"0";"0";"0"
"Petrella Salto";"Rieti";"2011";"0";"0";"0";"0"
"Poggio Bustone";"Rieti";"2011";"1";"0";"0";"0"
"Poggio Catino";"Rieti";"2011";"0";"0";"0";"0"
"Poggio Mirteto";"Rieti";"2011";"3";"1";"0";"0"
"Poggio Moiano";"Rieti";"2011";"0";"0";"0";"0"
"Poggio Nativo";"Rieti";"2011";"1";"0";"0";"0"
"Poggio San Lorenzo";"Rieti";"2011";"0";"0";"0";"0"
"Posta";"Rieti";"2011";"2";"1";"0";"0"
"Pozzaglia Sabina";"Rieti";"2011";"0";"0";"0";"0"
"Rieti";"Rieti";"2011";"24";"2";"0";"0"
"Rivodutri";"Rieti";"2011";"0";"0";"0";"0"
"Rocca Sinibalda";"Rieti";"2011";"0";"0";"0";"0"
"Roccantica";"Rieti";"2011";"0";"0";"0";"0"
"Salisano";"Rieti";"2011";"0";"0";"0";"0"
"Scandriglia";"Rieti";"2011";"0";"0";"0";"0"
"Selci";"Rieti";"2011";"1";"0";"0";"0"
"Stimigliano";"Rieti";"2011";"0";"0";"0";"0"
"Tarano";"Rieti";"2011";"1";"0";"0";"0"
"Toffia";"Rieti";"2011";"0";"0";"0";"0"
"Torri in Sabina";"Rieti";"2011";"1";"0";"0";"0"
"Torricella in Sabina";"Rieti";"2011";"0";"0";"0";"0"
"Turania";"Rieti";"2011";"0";"0";"0";"0"
"Vacone";"Rieti";"2011";"0";"0";"0";"0"
"Varco Sabino";"Rieti";"2011";"0";"0";"0";"0"
"Affile";"Roma";"2011";"0";"0";"0";"0"
"Agosta";"Roma";"2011";"2";"0";"0";"0"
"Albano Laziale";"Roma";"2011";"8";"0";"0";"0"
"Allumiere";"Roma";"2011";"0";"0";"0";"0"
"Anguillara Sabazia";"Roma";"2011";"3";"0";"0";"0"
"Anticoli Corrado";"Roma";"2011";"0";"0";"0";"0"
"Anzio";"Roma";"2011";"19";"2";"0";"0"
"Arcinazzo Romano";"Roma";"2011";"0";"0";"0";"0"
"Ardea";"Roma";"2011";"11";"0";"0";"0"
"Ariccia";"Roma";"2011";"3";"0";"0";"0"
"Arsoli";"Roma";"2011";"0";"0";"0";"0"
"Artena";"Roma";"2011";"6";"0";"0";"0"
"Bellegra";"Roma";"2011";"0";"0";"0";"0"
"Bracciano";"Roma";"2011";"7";"0";"0";"0"
"Camerata Nuova";"Roma";"2011";"0";"0";"0";"0"
"Campagnano di Roma";"Roma";"2011";"4";"0";"0";"0"
"Canale Monterano";"Roma";"2011";"1";"0";"0";"0"
"Canterano";"Roma";"2011";"0";"0";"0";"0"
"Capena";"Roma";"2011";"3";"0";"0";"0"
"Capranica Prenestina";"Roma";"2011";"0";"0";"0";"0"
"Carpineto Romano";"Roma";"2011";"1";"0";"0";"0"
"Casape";"Roma";"2011";"0";"0";"0";"0"
"Castel Gandolfo";"Roma";"2011";"3";"0";"0";"0"
"Castel Madama";"Roma";"2011";"2";"0";"0";"0"
"Castel San Pietro Romano";"Roma";"2011";"0";"0";"0";"0"
"Castelnuovo di Porto";"Roma";"2011";"7";"0";"0";"0"
"Cave";"Roma";"2011";"7";"0";"0";"0"
"Cerreto Laziale";"Roma";"2011";"0";"0";"0";"0"
"Cervara di Roma";"Roma";"2011";"0";"0";"0";"0"
"Cerveteri";"Roma";"2011";"6";"1";"0";"0"
"Ciampino";"Roma";"2011";"10";"1";"0";"0"
"Ciciliano";"Roma";"2011";"2";"1";"0";"0"
"Cineto Romano";"Roma";"2011";"0";"0";"0";"0"
"Civitavecchia";"Roma";"2011";"18";"0";"0";"0"
"Civitella San Paolo";"Roma";"2011";"0";"0";"0";"0"
"Colleferro";"Roma";"2011";"10";"1";"0";"0"
"Colonna";"Roma";"2011";"1";"0";"0";"0"
"Fiano Romano";"Roma";"2011";"8";"1";"0";"0"
"Filacciano";"Roma";"2011";"0";"0";"0";"0"
"Fiumicino";"Roma";"2011";"21";"2";"0";"0"
"Fonte Nuova";"Roma";"2011";"4";"2";"0";"0"
"Formello";"Roma";"2011";"2";"0";"0";"0"
"Frascati";"Roma";"2011";"11";"0";"0";"0"
"Gallicano nel Lazio";"Roma";"2011";"4";"0";"0";"0"
"Gavignano";"Roma";"2011";"0";"0";"0";"0"
"Genazzano";"Roma";"2011";"1";"0";"0";"0"
"Genzano di Roma";"Roma";"2011";"13";"1";"0";"0"
"Gerano";"Roma";"2011";"0";"0";"0";"0"
"Gorga";"Roma";"2011";"0";"0";"0";"0"
"Grottaferrata";"Roma";"2011";"2";"0";"0";"0"
"Guidonia Montecelio";"Roma";"2011";"22";"3";"0";"0"
"Jenne";"Roma";"2011";"0";"0";"0";"0"
"Labico";"Roma";"2011";"2";"0";"0";"0"
"Ladispoli";"Roma";"2011";"11";"1";"0";"0"
"Lanuvio";"Roma";"2011";"4";"0";"0";"0"
"Lariano";"Roma";"2011";"2";"0";"0";"0"
"Licenza";"Roma";"2011";"0";"0";"0";"0"
"Magliano Romano";"Roma";"2011";"0";"0";"0";"0"
"Mandela";"Roma";"2011";"0";"0";"0";"0"
"Manziana";"Roma";"2011";"4";"0";"0";"0"
"Marano Equo";"Roma";"2011";"0";"0";"0";"0"
"Marcellina";"Roma";"2011";"4";"0";"0";"0"
"Marino";"Roma";"2011";"9";"0";"0";"0"
"Mazzano Romano";"Roma";"2011";"0";"0";"0";"0"
"Mentana";"Roma";"2011";"5";"0";"0";"0"
"Monte Porzio Catone";"Roma";"2011";"2";"0";"0";"0"
"Montecompatri";"Roma";"2011";"2";"0";"0";"0"
"Monteflavio";"Roma";"2011";"0";"0";"0";"0"
"Montelanico";"Roma";"2011";"1";"0";"0";"0"
"Montelibretti";"Roma";"2011";"1";"0";"0";"0"
"Monterotondo";"Roma";"2011";"5";"0";"0";"0"
"Montorio Romano";"Roma";"2011";"0";"0";"0";"0"
"Moricone";"Roma";"2011";"2";"0";"0";"0"
"Morlupo";"Roma";"2011";"2";"0";"0";"0"
"Nazzano";"Roma";"2011";"1";"0";"0";"0"
"Nemi";"Roma";"2011";"0";"0";"0";"0"
"Nerola";"Roma";"2011";"2";"0";"0";"0"
"Nettuno";"Roma";"2011";"15";"3";"0";"0"
"Olevano Romano";"Roma";"2011";"0";"0";"0";"0"
"Palestrina";"Roma";"2011";"5";"0";"0";"0"
"Palombara Sabina";"Roma";"2011";"5";"1";"0";"0"
"Percile";"Roma";"2011";"0";"0";"0";"0"
"Pisoniano";"Roma";"2011";"0";"0";"0";"0"
"Poli";"Roma";"2011";"1";"0";"0";"0"
"Pomezia";"Roma";"2011";"16";"2";"0";"0"
"Ponzano Romano";"Roma";"2011";"1";"0";"0";"0"
"Riano";"Roma";"2011";"1";"0";"0";"0"
"Rignano Flaminio";"Roma";"2011";"0";"0";"0";"0"
"Riofreddo";"Roma";"2011";"0";"0";"0";"0"
"Rocca Canterano";"Roma";"2011";"0";"0";"0";"0"
"Rocca di Cave";"Roma";"2011";"0";"0";"0";"0"
"Rocca di Papa";"Roma";"2011";"3";"0";"0";"0"
"Rocca Priora";"Roma";"2011";"1";"0";"0";"0"
"Rocca Santo Stefano";"Roma";"2011";"0";"0";"0";"0"
"Roccagiovine";"Roma";"2011";"0";"0";"0";"0"
"Roiate";"Roma";"2011";"0";"0";"0";"0"
"Roviano";"Roma";"2011";"1";"0";"0";"0"
"Sacrofano";"Roma";"2011";"0";"0";"0";"0"
"Sambuci";"Roma";"2011";"0";"0";"0";"0"
"San Cesareo";"Roma";"2011";"9";"2";"0";"0"
"San Gregorio da Sassola";"Roma";"2011";"1";"0";"0";"0"
"San Polo dei Cavalieri";"Roma";"2011";"1";"0";"0";"0"
"San Vito Romano";"Roma";"2011";"0";"0";"0";"0"
"Santa Marinella";"Roma";"2011";"8";"0";"0";"0"
"Sant'Angelo Romano";"Roma";"2011";"4";"0";"0";"0"
"Sant'Oreste";"Roma";"2011";"0";"0";"0";"0"
"Saracinesco";"Roma";"2011";"0";"0";"0";"0"
"Segni";"Roma";"2011";"2";"0";"0";"0"
"Subiaco";"Roma";"2011";"2";"0";"0";"0"
"Tivoli";"Roma";"2011";"13";"0";"0";"0"
"Tolfa";"Roma";"2011";"6";"1";"0";"0"
"Torrita Tiberina";"Roma";"2011";"0";"0";"0";"0"
"Trevignano Romano";"Roma";"2011";"1";"0";"0";"0"
"Vallepietra";"Roma";"2011";"0";"0";"0";"0"
"Vallinfreda";"Roma";"2011";"0";"0";"0";"0"
"Valmontone";"Roma";"2011";"10";"0";"0";"0"
"Velletri";"Roma";"2011";"17";"2";"0";"0"
"Vicovaro";"Roma";"2011";"1";"0";"0";"0"
"Vivaro Romano";"Roma";"2011";"0";"0";"0";"0"
"Zagarolo";"Roma";"2011";"5";"0";"0";"0"
"Acquapendente";"Viterbo";"2011";"4";"0";"0";"0"
"Arlena di Castro";"Viterbo";"2011";"1";"0";"0";"0"
"Bagnoregio";"Viterbo";"2011";"1";"0";"0";"0"
"Barbarano Romano";"Viterbo";"2011";"1";"1";"0";"0"
"Bassano in Teverina";"Viterbo";"2011";"2";"0";"0";"0"
"Bassano Romano";"Viterbo";"2011";"2";"0";"0";"0"
"Blera";"Viterbo";"2011";"0";"0";"0";"0"
"Bolsena";"Viterbo";"2011";"3";"1";"0";"0"
"Bomarzo";"Viterbo";"2011";"1";"0";"0";"0"
"Calcata";"Viterbo";"2011";"0";"0";"0";"0"
"Canepina";"Viterbo";"2011";"2";"0";"0";"0"
"Canino";"Viterbo";"2011";"1";"0";"0";"0"
"Capodimonte";"Viterbo";"2011";"1";"0";"0";"0"
"Capranica";"Viterbo";"2011";"3";"0";"0";"0"
"Caprarola";"Viterbo";"2011";"1";"0";"0";"0"
"Carbognano";"Viterbo";"2011";"1";"0";"0";"0"
"Castel Sant'Elia";"Viterbo";"2011";"0";"0";"0";"0"
"Castiglione in Teverina";"Viterbo";"2011";"2";"0";"0";"0"
"Celleno";"Viterbo";"2011";"0";"0";"0";"0"
"Cellere";"Viterbo";"2011";"1";"0";"0";"0"
"Civita Castellana";"Viterbo";"2011";"12";"1";"0";"0"
"Civitella d'Agliano";"Viterbo";"2011";"0";"0";"0";"0"
"Corchiano";"Viterbo";"2011";"1";"0";"0";"0"
"Fabrica di Roma";"Viterbo";"2011";"2";"0";"0";"0"
"Faleria";"Viterbo";"2011";"1";"0";"0";"0"
"Farnese";"Viterbo";"2011";"0";"0";"0";"0"
"Gallese";"Viterbo";"2011";"1";"0";"0";"0"
"Gradoli";"Viterbo";"2011";"1";"0";"0";"0"
"Graffignano";"Viterbo";"2011";"0";"0";"0";"0"
"Grotte di Castro";"Viterbo";"2011";"1";"0";"0";"0"
"Ischia di Castro";"Viterbo";"2011";"1";"0";"0";"0"
"Latera";"Viterbo";"2011";"0";"0";"0";"0"
"Lubriano";"Viterbo";"2011";"1";"0";"0";"0"
"Marta";"Viterbo";"2011";"2";"0";"0";"0"
"Montalto di Castro";"Viterbo";"2011";"4";"0";"0";"0"
"Monte Romano";"Viterbo";"2011";"0";"0";"0";"0"
"Montefiascone";"Viterbo";"2011";"7";"1";"0";"0"
"Monterosi";"Viterbo";"2011";"0";"0";"0";"0"
"Nepi";"Viterbo";"2011";"8";"0";"0";"0"
"Onano";"Viterbo";"2011";"0";"0";"0";"0"
"Oriolo Romano";"Viterbo";"2011";"2";"0";"0";"0"
"Orte";"Viterbo";"2011";"6";"1";"0";"0"
"Piansano";"Viterbo";"2011";"0";"0";"0";"0"
"Proceno";"Viterbo";"2011";"0";"0";"0";"0"
"Ronciglione";"Viterbo";"2011";"4";"1";"0";"0"
"San Lorenzo Nuovo";"Viterbo";"2011";"2";"0";"0";"0"
"Soriano nel Cimino";"Viterbo";"2011";"5";"1";"0";"0"
"Sutri";"Viterbo";"2011";"1";"0";"0";"0"
"Tarquinia";"Viterbo";"2011";"6";"0";"0";"0"
"Tessennano";"Viterbo";"2011";"0";"0";"0";"0"
"Tuscania";"Viterbo";"2011";"1";"0";"0";"0"
"Valentano";"Viterbo";"2011";"1";"0";"0";"0"
"Vallerano";"Viterbo";"2011";"0";"0";"0";"0"
"Vasanello";"Viterbo";"2011";"1";"0";"0";"0"
"Vejano";"Viterbo";"2011";"0";"0";"0";"0"
"Vetralla";"Viterbo";"2011";"6";"1";"0";"0"
"Vignanello";"Viterbo";"2011";"2";"0";"0";"0"
"Villa San Giovanni in Tuscia";"Viterbo";"2011";"0";"0";"0";"0"
"Viterbo";"Viterbo";"2011";"24";"1";"0";"0"
"Vitorchiano";"Viterbo";"2011";"5";"0";"0";"0"
"Roma";"Comune di Roma";"2011";"742";"50";"0";"0"
"Provincia Frosinone";"Frosinone";"2011";"221";"14";"0";"0"
"Provincia Latina";"Latina";"2011";"204";"19";"0";"0"
"Provincia Rieti";"Rieti";"2011";"58";"4";"0";"0"
"Provincia Roma";"Roma";"2011";"410";"27";"0";"0"
"Provincia Viterbo";"Viterbo";"2011";"135";"9";"0";"0"
"Regione Lazio";"Regione Lazio";"2011";"1028";"73";"0";"0"
"Municipio I";"Comune di Roma";"2011";"0";"0";"0";"0"
"Municipio II";"Comune di Roma";"2011";"0";"0";"0";"0"
"Municipio III";"Comune di Roma";"2011";"0";"0";"0";"0"
"Municipio IV";"Comune di Roma";"2011";"0";"0";"0";"0"
"Municipio V";"Comune di Roma";"2011";"0";"0";"0";"0"
"Municipio VI";"Comune di Roma";"2011";"0";"0";"0";"0"
"Municipio VII";"Comune di Roma";"2011";"0";"0";"0";"0"
"Municipio VIII";"Comune di Roma";"2011";"0";"0";"0";"0"
"Municipio IX";"Comune di Roma";"2011";"0";"0";"0";"0"
"Municipio X";"Comune di Roma";"2011";"0";"0";"0";"0"
"Municipio XI";"Comune di Roma";"2011";"0";"0";"0";"0"
"Municipio XII";"Comune di Roma";"2011";"0";"0";"0";"0"
"Municipio XIII";"Comune di Roma";"2011";"0";"0";"0";"0"
"Municipio XIV";"Comune di Roma";"2011";"0";"0";"0";"0"
"Municipio XV";"Comune di Roma";"2011";"0";"0";"0";"0"
